Ram,ScreenResolution,Cpu,Memory,Price
-0.083183760222784,1,91,-0.7263897834399132,0.3060988303318405
-0.083183760222784,28,59,0.0679890462949369,-0.3231798323851209
-0.083183760222784,17,31,0.0679890462949369,-0.7856835873494602
1.3550902875001938,31,87,1.6567467057646377,2.0161948281897373
-0.083183760222784,1,33,0.0679890462949369,0.968444070084593
-0.802320784084273,37,43,1.5822736904769952,-1.0355389837770683
1.3550902875001938,31,78,0.0679890462949369,1.4486946969209045
-0.083183760222784,28,59,0.0679890462949369,0.047691240620796
1.3550902875001938,17,76,1.6567467057646377,0.5278419252985368
-0.083183760222784,14,79,0.0679890462949369,-0.5072732884729827
-0.802320784084273,37,31,1.5822736904769952,-1.0442482290239736
-0.802320784084273,17,48,1.5822736904769952,-1.1140792429626838
1.3550902875001938,31,97,0.0679890462949369,1.877018233653947
-0.802320784084273,17,48,0.0679890462949369,-0.8943349911674087
-0.083183760222784,39,77,0.0679890462949369,0.1957484098181845
-0.083183760222784,1,91,0.0679890462949369,0.5614653229320804
-0.083183760222784,17,86,0.0679890462949369,-0.5429669165340696
1.3550902875001938,31,14,1.6567467057646377,2.4738585271889924
-0.083183760222784,17,0,-1.51456252856746,-0.8941922166551642
-0.083183760222784,15,79,-0.7263897834399132,-0.2088745578822963
-0.083183760222784,14,40,0.0679890462949369,-0.1803196554334268
-0.802320784084273,37,7,1.5822736904769952,-1.2382787911640418
-0.083183760222784,6,79,0.0679890462949369,-0.4373137774732524
-0.083183760222784,17,76,0.0679890462949369,-0.6657529970642084
-0.802320784084273,37,48,-1.51456252856746,-1.0089258146947218
-0.083183760222784,28,112,0.0679890462949369,-0.0375451431890794
-0.083183760222784,17,79,0.0679890462949369,-0.4644409347996784
-0.083183760222784,17,93,0.0679890462949369,0.2465761361771721
-0.083183760222784,17,79,-1.51456252856746,-0.3273774030451049
-0.802320784084273,17,100,0.0679890462949369,-1.2568537552070314
-1.1618892960150171,37,13,0.0679890462949369,-1.3225157533882068
-0.802320784084273,17,90,1.5822736904769952,-0.9798569240017728
1.3550902875001938,20,76,1.6567467057646377,1.0618186010923965
-0.083183760222784,28,112,0.0679890462949369,-0.1817474005558703
-0.802320784084273,37,36,0.0679890462949369,-1.251128497266033
-0.802320784084273,37,47,-1.51456252856746,-1.082654572817703
-0.083183760222784,14,79,0.0679890462949369,-0.2088745578822963
-0.802320784084273,37,31,-1.51456252856746,-0.9089122688675564
-0.083183760222784,17,79,0.0679890462949369,-0.3516490701266438
-0.802320784084273,17,48,-1.51456252856746,-1.0512441801239465
1.3550902875001938,14,117,0.0679890462949369,0.5335529057883105
-0.083183760222784,37,31,-1.51456252856746,-0.8599406111677453
-0.802320784084273,14,79,0.0679890462949369,-0.6329148592480085
0.6359532636387049,6,79,-1.51456252856746,-0.1803196554334268
-0.083183760222784,1,115,0.0679890462949369,0.4193332959928327
-0.083183760222784,17,52,0.0679890462949369,0.2480038812996155
-0.802320784084273,17,31,0.0679890462949369,-0.6943078995130779
-0.802320784084273,37,61,-1.51456252856746,-0.9413078056957992
-0.083183760222784,14,76,0.0679890462949369,-0.4059033847794958
-0.802320784084273,17,90,0.0679890462949369,-1.037694878911958
-0.083183760222784,17,76,1.6567467057646377,-0.0318341626993056
-0.802320784084273,37,0,-1.51456252856746,-1.0583829057361638
-0.083183760222784,17,76,0.0679890462949369,-0.5104143277423583
-0.802320784084273,17,48,-0.7263897834399132,-0.9798569240017728
-0.802320784084273,37,31,0.0679890462949369,-0.7697071194293178
1.3550902875001938,17,117,0.0679890462949369,1.889910772109612
-0.802320784084273,17,48,0.0679890462949369,-1.0141228069404162
1.3550902875001938,17,76,0.0679890462949369,0.2480038812996155
-0.083183760222784,17,79,0.0679890462949369,-0.3516490701266438
-0.083183760222784,14,47,0.0679890462949369,-0.7514177044108168
-0.083183760222784,17,79,0.0679890462949369,-0.2631288725351484
-0.083183760222784,17,31,0.0679890462949369,-0.6214928982684607
1.3550902875001938,17,117,1.6567467057646377,1.2245815450509523
-0.802320784084273,37,48,1.5822736904769952,-0.9802995249897304
-0.802320784084273,37,60,-1.3221739057410509,-1.2796833997149024
-0.802320784084273,17,31,-1.51456252856746,-0.8228049605329906
0.6359532636387049,17,117,-1.51456252856746,-0.2517069115556006
-0.802320784084273,36,31,-0.7263897834399132,-0.0518225944135142
9.98473457383806,14,76,0.0679890462949369,-0.2431404408209397
-0.083183760222784,17,76,0.0679890462949369,-0.3644987762286352
-0.083183760222784,17,40,0.0679890462949369,-0.0432561236788533
-0.083183760222784,37,48,-1.51456252856746,-1.0512441801239465
-0.083183760222784,17,117,-1.51456252856746,-0.2517069115556006
-0.083183760222784,17,31,-1.5083564439601564,-0.8656373142062949
-0.083183760222784,17,76,0.0679890462949369,-0.3859149530652872
-0.802320784084273,17,47,-1.51456252856746,-0.8499321178594166
-0.083183760222784,17,79,0.0679890462949369,-0.2117300481271834
-0.083183760222784,14,79,0.0679890462949369,-0.0415999393368189
-0.083183760222784,39,34,1.6567467057646377,0.5492581021351888
-0.083183760222784,17,79,0.0679890462949369,-0.3787762274530698
-0.802320784084273,17,90,-0.7263897834399132,-1.0369667288995117
-0.802320784084273,37,43,-1.51456252856746,-1.0426777093892858
1.3550902875001938,14,117,0.0679890462949369,0.3193911374217893
-0.083183760222784,14,76,0.0679890462949369,-0.6086431921664693
-0.083183760222784,17,31,0.0679890462949369,-0.7514319818620413
1.3550902875001938,14,117,0.0679890462949369,0.4621656496661367
-0.083183760222784,14,76,0.0679890462949369,0.7477146741548317
-0.083183760222784,17,19,-1.51456252856746,-0.6086431921664693
-1.1618892960150171,17,76,-1.51456252856746,-0.6229206433909041
1.3550902875001938,17,76,1.6567467057646377,0.1023738788103812
-0.083183760222784,17,40,0.0679890462949369,0.0995183885654941
-0.083183760222784,17,86,0.0679890462949369,-0.1089323993112531
-0.083183760222784,15,79,0.0679890462949369,-0.397336914044835
-0.083183760222784,17,86,-1.51456252856746,-0.7501327338006177
-0.802320784084273,17,48,0.0679890462949369,-0.9141806483693729
-0.4427522721535284,17,0,0.0679890462949369,-0.7828280971045732
0.6359532636387049,14,117,0.0679890462949369,0.1766166251774418
-0.083183760222784,17,86,0.0679890462949369,-0.5800882897175998
-0.802320784084273,17,7,1.5822736904769952,-1.1083539850216857
-0.083183760222784,17,79,-1.51456252856746,-0.68288593853353
-0.083183760222784,14,86,0.0679890462949369,-0.0089902407402099
-0.083183760222784,36,31,0.0679890462949369,0.3065414313197979
-0.4427522721535284,14,31,0.0679890462949369,-0.6657529970642084
-0.802320784084273,17,48,-1.51456252856746,-1.0142655814526604
-0.083183760222784,14,86,0.0679890462949369,0.0966628983206072
1.3550902875001938,17,117,0.0679890462949369,0.2480038812996155
-0.083183760222784,14,86,0.0679890462949369,0.5064257484618843
1.3550902875001938,17,76,0.0679890462949369,0.1951773117692069
-0.083183760222784,7,41,0.0679890462949369,0.3622234910950934
-0.083183760222784,15,31,0.0679890462949369,0.390778393543963
-0.802320784084273,29,79,1.5822736904769952,-0.5758050543502693
-0.083183760222784,14,79,0.0679890462949369,0.7191597717059621
-0.083183760222784,17,76,1.6567467057646377,-0.0589613200257316
-0.083183760222784,14,76,0.0679890462949369,0.0071861114970746
-0.802320784084273,17,48,-1.51456252856746,-0.8013887836963385
-0.083183760222784,17,76,0.0679890462949369,-0.0104179858626533
-0.4427522721535284,15,0,-1.51456252856746,-0.922747119104034
1.3550902875001938,17,117,0.0679890462949369,1.5936536592025905
-0.083183760222784,17,31,0.0679890462949369,-0.7085853507375125
1.3550902875001938,17,76,1.6567467057646377,0.2080270178711983
-0.802320784084273,37,43,0.0679890462949369,-0.9627239825324512
-0.083183760222784,17,79,-1.51456252856746,-0.4473079933303567
-0.802320784084273,37,12,-1.1235791983073384,-1.2097381661663968
1.3550902875001938,17,76,0.0679890462949369,0.3864951581766327
-0.083183760222784,17,79,0.0679890462949369,-0.2816895591269137
-0.083183760222784,37,31,-1.51456252856746,-0.6943221769643023
-0.802320784084273,17,48,-1.51456252856746,-0.965579472777338
-0.083183760222784,14,76,0.0679890462949369,-0.3445103445144266
-0.802320784084273,17,47,0.0679890462949369,-0.7899668227167906
-0.083183760222784,37,86,-1.51456252856746,-0.7528454495332604
-0.083183760222784,17,76,0.0679890462949369,-0.1960248517803051
-0.802320784084273,37,36,-1.51456252856746,-1.246331273654623
-0.083183760222784,17,40,0.0679890462949369,-0.2674121079024789
-0.802320784084273,17,31,-1.51456252856746,-0.8941922166551642
-0.802320784084273,14,31,0.0679890462949369,-0.6086431921664693
-0.802320784084273,14,47,-1.51456252856746,-0.6714639775539822
-0.083183760222784,14,79,0.0679890462949369,-0.0132449212050915
-0.083183760222784,14,117,0.0679890462949369,-0.3659265213510786
-0.802320784084273,37,63,1.5822736904769952,-0.7471344690434863
-0.802320784084273,37,90,0.0679890462949369,-1.079799082572816
-0.083183760222784,17,76,0.0679890462949369,-0.0375451431890794
-0.083183760222784,13,28,1.6567467057646377,1.2688416438467
-0.802320784084273,17,36,-1.51456252856746,-1.115492710633903
-0.802320784084273,37,48,-1.51456252856746,-0.9684349630222248
1.3550902875001938,17,117,1.6567467057646377,0.1769878389092769
-0.083183760222784,17,117,0.0679890462949369,-0.3230941676777744
-0.802320784084273,37,31,-0.7263897834399132,-0.8956199617776077
1.3550902875001938,17,117,0.0679890462949369,1.091801248663709
-0.802320784084273,17,82,0.0679890462949369,-0.0618168102706185
-0.4427522721535284,17,79,0.0679890462949369,-0.7228628019619473
-0.802320784084273,15,0,0.0679890462949369,-0.7085853507375125
-0.083183760222784,6,79,0.0679890462949369,0.270847803258711
-0.083183760222784,6,76,0.0679890462949369,-0.1089323993112531
-0.802320784084273,37,107,1.5822736904769952,-0.9684349630222248
-0.802320784084273,37,43,-1.51456252856746,-1.031255748409738
-0.802320784084273,14,79,0.0679890462949369,-0.457302209187461
-0.083183760222784,17,79,0.0679890462949369,-0.5672385836156086
1.3550902875001938,14,117,0.0679890462949369,-0.0661000456379488
-0.802320784084273,37,36,-1.51456252856746,-1.1097817301441288
1.3550902875001938,14,117,0.0679890462949369,0.961876442521353
-0.802320784084273,37,61,-1.51456252856746,-1.087637403295031
-0.083183760222784,17,117,0.0679890462949369,-0.0925276078543776
-0.083183760222784,14,79,0.0679890462949369,-0.3873426981877307
-0.802320784084273,14,79,1.5822736904769952,-0.5301172104320782
-0.083183760222784,4,31,0.0679890462949369,0.3193911374217893
-0.4427522721535284,14,31,-1.5083564439601564,-0.6086431921664693
-0.802320784084273,37,95,1.5822736904769952,-1.1654637899194245
-0.802320784084273,37,0,1.5822736904769952,-0.9084696678795992
-0.083183760222784,17,79,0.0679890462949369,-0.2888282847391309
-0.083183760222784,37,0,-1.51456252856746,-0.9513020215529032
-0.802320784084273,37,48,-0.7263897834399132,-0.965579472777338
4.23163838294615,17,32,0.0679890462949369,2.389621564964828
-0.083183760222784,17,31,0.0679890462949369,-0.4458802482079132
-0.083183760222784,13,79,0.0679890462949369,0.5335529057883105
1.3550902875001938,17,76,0.0679890462949369,-0.1089323993112531
-0.083183760222784,17,79,0.0679890462949369,0.390778393543963
1.3550902875001938,13,76,1.6567467057646377,1.0332636986435266
-0.083183760222784,37,31,-0.7263897834399132,-0.4744351506567827
-0.083183760222784,14,79,0.0679890462949369,0.105229369055268
1.3550902875001938,6,76,1.6567467057646377,0.6049401619104843
1.3550902875001938,16,117,1.6567467057646377,1.815668025742551
-0.083183760222784,14,40,0.0679890462949369,-0.4944235823709913
-0.083183760222784,14,42,0.0679890462949369,-0.1945971066578617
-0.083183760222784,17,76,0.0679890462949369,-0.057533574903288
-0.802320784084273,14,36,0.0679890462949369,-1.2354233009191546
-0.083183760222784,14,31,0.0679890462949369,-0.1790346848232278
-0.083183760222784,3,79,0.0679890462949369,-0.6100709372889128
-0.083183760222784,15,76,-1.51456252856746,-0.4087588750243829
-0.083183760222784,14,79,-1.51456252856746,-0.3016779908411223
4.23163838294615,16,103,-1.51456252856746,7.101180469028293
-0.083183760222784,17,79,1.6567467057646377,-0.237429460331166
1.3550902875001938,14,117,0.0679890462949369,0.3622234910950934
-0.083183760222784,17,76,0.0679890462949369,-0.1146433798010271
1.3550902875001938,19,117,0.0679890462949369,1.027552718153753
-0.802320784084273,37,63,-0.7263897834399132,-0.9027586873898252
-0.083183760222784,17,86,-1.51456252856746,-0.5472501519013999
1.3550902875001938,14,117,0.0679890462949369,0.8904891863991792
1.3550902875001938,5,53,0.0679890462949369,2.755124316310357
1.3550902875001938,17,117,1.6567467057646377,0.3893506484215196
-0.4427522721535284,25,0,-1.51456252856746,-0.9798569240017728
-0.083183760222784,13,76,0.0679890462949369,1.1760382108878742
-0.083183760222784,17,76,0.0679890462949369,0.4621656496661367
-0.083183760222784,17,117,-1.51456252856746,-0.4944235823709913
1.3550902875001938,17,117,0.0679890462949369,0.402200354523511
-0.802320784084273,17,48,1.5822736904769952,-1.1083539850216857
-0.083183760222784,17,31,0.0679890462949369,-0.8228049605329906
-0.083183760222784,4,86,1.6567467057646377,0.5335529057883105
-0.083183760222784,14,76,0.0679890462949369,-0.2761499080518328
-0.083183760222784,3,31,-1.51456252856746,-0.7656951556352516
-0.083183760222784,17,76,0.0679890462949369,-0.1346318115152357
-0.083183760222784,17,79,0.0679890462949369,0.0338421129330943
1.3550902875001938,6,76,1.6567467057646377,0.2194489788507459
-0.083183760222784,17,79,0.0679890462949369,-0.6395538740673706
-0.083183760222784,14,79,0.0679890462949369,-0.3230941676777744
-0.083183760222784,17,20,0.0679890462949369,0.3393795691359979
-0.083183760222784,17,79,-1.51456252856746,-0.4730074055343392
1.3550902875001938,14,117,0.0679890462949369,1.9003904213083465
-0.083183760222784,17,86,0.0679890462949369,-0.4187530908814872
1.3550902875001938,6,86,-1.51456252856746,-0.380189695124289
-0.083183760222784,17,31,0.0679890462949369,-0.5087010335954262
-0.083183760222784,17,31,0.0679890462949369,-0.3345161286573221
-0.083183760222784,17,86,-1.51456252856746,0.2051715276263114
-0.802320784084273,37,0,-1.51456252856746,-1.0369810063507363
-0.802320784084273,37,44,1.5822736904769952,-1.1354811423481117
1.3550902875001938,14,117,0.0679890462949369,0.5335529057883105
-0.083183760222784,17,31,0.0679890462949369,-0.3802039725755134
-0.083183760222784,15,63,0.0679890462949369,-0.6229206433909041
1.3550902875001938,17,86,0.0679890462949369,-0.3230941676777744
-0.802320784084273,37,48,-1.51456252856746,-1.0498164350015031
-0.802320784084273,17,74,0.0679890462949369,-0.7856835873494602
4.23163838294615,17,103,0.0679890462949369,3.947291493550659
-0.083183760222784,14,40,0.0679890462949369,-0.3987646591672786
-0.083183760222784,37,48,-0.7263897834399132,-0.7656951556352516
-0.083183760222784,17,76,0.0679890462949369,0.0281311324433203
-0.083183760222784,17,86,0.0679890462949369,-0.3373716189022092
-0.083183760222784,17,40,0.0679890462949369,-0.3516490701266438
-0.083183760222784,15,86,0.0679890462949369,-0.0661000456379488
-0.083183760222784,17,76,0.0679890462949369,-0.2003080871476354
-0.083183760222784,25,31,-1.51456252856746,-0.8085275093085558
1.3550902875001938,17,103,0.0679890462949369,2.675170589453523
-0.802320784084273,14,79,1.5822736904769952,-0.6429090751051127
-0.083183760222784,1,33,1.6567467057646377,1.3059630170302303
-0.083183760222784,15,76,-1.51456252856746,-0.4373137774732524
1.3550902875001938,17,117,0.0679890462949369,0.961876442521353
-0.802320784084273,37,43,-1.51456252856746,-0.9370245703284684
-0.083183760222784,15,76,1.6567467057646377,1.0332636986435266
-0.802320784084273,14,47,0.0679890462949369,-0.604359956799139
-0.083183760222784,17,79,0.0679890462949369,-0.2517069115556006
-0.083183760222784,37,56,-0.7263897834399132,-0.9700054826569128
1.3550902875001938,14,76,-1.51456252856746,-0.0946549480868185
1.3550902875001938,17,117,0.0679890462949369,1.9612980282317851
-0.083183760222784,15,117,1.6567467057646377,0.8191019302770055
-0.083183760222784,17,76,0.0679890462949369,0.02384789707599
-0.802320784084273,17,48,0.0679890462949369,-0.9727181983895554
-0.802320784084273,14,79,1.5822736904769952,-0.5758050543502693
-0.802320784084273,17,31,-1.51456252856746,-0.6686084873090953
-0.083183760222784,17,31,-1.51456252856746,-0.799961038573895
-0.083183760222784,6,79,0.0679890462949369,-0.4658686799221218
-0.083183760222784,6,76,0.0679890462949369,0.5335529057883105
-0.083183760222784,17,76,-1.51456252856746,-0.1531924981070008
-0.083183760222784,17,76,0.0679890462949369,-0.3502213250042004
-0.083183760222784,1,88,1.6567467057646377,1.1901728876000643
1.3550902875001938,17,52,0.0679890462949369,0.6049401619104843
-0.083183760222784,17,76,0.0679890462949369,-0.5571444255999332
1.3550902875001938,26,22,1.6567467057646377,1.9612980282317851
-0.083183760222784,37,20,1.5822736904769952,-0.4473079933303567
0.6359532636387049,37,86,-1.51456252856746,-0.5885548182936897
-0.083183760222784,17,76,0.0679890462949369,-0.0375451431890794
-0.083183760222784,14,76,-1.51456252856746,-0.5429669165340696
-0.802320784084273,3,48,-1.51456252856746,-0.9084696678795992
-0.083183760222784,17,76,-1.5083564439601564,-0.3944814237999481
-0.4427522721535284,3,86,0.0679890462949369,-0.3802039725755134
-0.802320784084273,17,85,-1.51456252856746,-0.9955621203486512
-0.083183760222784,14,40,0.0679890462949369,-0.4230363262488175
-0.4427522721535284,17,31,0.0679890462949369,-0.7799726068596864
-0.083183760222784,14,76,0.0679890462949369,-0.2488514213107137
0.6359532636387049,15,86,-1.51456252856746,-0.6657529970642084
-0.083183760222784,14,86,0.0679890462949369,-0.0404006334339662
-0.083183760222784,17,31,0.0679890462949369,-0.2117300481271834
1.3550902875001938,14,117,0.0679890462949369,0.0766744666063986
-0.083183760222784,17,86,-1.51456252856746,-0.665738719612984
-1.1618892960150171,37,69,-1.4214712594579073,-1.3225157533882068
-0.083183760222784,17,117,-1.51456252856746,0.0880964275859463
-0.083183760222784,3,48,-1.51456252856746,-0.9084696678795992
-0.083183760222784,17,117,0.0679890462949369,1.004708796194657
-0.083183760222784,17,79,0.0679890462949369,-0.5515333872687304
-0.083183760222784,14,117,-1.51456252856746,0.2480038812996155
-0.083183760222784,17,117,0.0679890462949369,-0.2088745578822963
1.3550902875001938,17,75,0.0679890462949369,2.512207761177825
-0.4427522721535284,17,108,-1.51456252856746,-0.8941922166551642
1.3550902875001938,17,86,1.6567467057646377,0.4892928069925626
-0.802320784084273,37,0,-0.7263897834399132,-0.8799147654307294
1.3550902875001938,17,117,0.0679890462949369,1.4230381170705957
-0.4427522721535284,3,31,-1.51456252856746,-0.6800304482886431
-0.083183760222784,37,31,-1.5083564439601564,-0.8228049605329906
-0.083183760222784,17,117,0.0679890462949369,0.1994605471365373
-0.802320784084273,37,61,-1.51456252856746,-1.0926630661260317
1.3550902875001938,6,1,0.0679890462949369,1.2131595840714045
-0.083183760222784,14,20,0.0679890462949369,-0.117498870045914
-0.083183760222784,17,31,0.0679890462949369,-0.4373137774732524
-0.802320784084273,17,48,-1.51456252856746,-0.9370245703284684
-0.083183760222784,14,31,0.0679890462949369,-0.1803196554334268
1.3550902875001938,13,76,-1.51456252856746,1.9612980282317851
1.3550902875001938,14,117,0.0679890462949369,1.390199979254395
-0.083183760222784,17,18,0.0679890462949369,-0.9370245703284684
-1.1618892960150171,25,36,0.0679890462949369,-1.2140071240825028
-0.083183760222784,17,79,0.0679890462949369,-0.4016201494121655
1.3550902875001938,13,76,-1.51456252856746,1.889910772109612
-0.802320784084273,37,113,0.0679890462949369,-0.9500170509427042
-0.083183760222784,17,31,0.0679890462949369,-0.2074468127598528
-0.802320784084273,37,99,0.0679890462949369,-0.9141806483693729
-0.083183760222784,17,86,0.0679890462949369,0.238009665442511
-0.802320784084273,3,31,-1.51456252856746,-0.7656951556352516
-0.083183760222784,17,86,0.0679890462949369,-0.0446838688012968
-0.083183760222784,35,76,-1.51456252856746,-0.318810932310444
-0.083183760222784,37,102,0.0679890462949369,-0.6657529970642084
-0.802320784084273,37,36,0.0679890462949369,-1.1897354570009635
-0.4427522721535284,37,31,-1.51456252856746,-0.8228049605329906
-0.083183760222784,17,86,0.0679890462949369,-0.107647428701054
-0.083183760222784,17,86,0.0679890462949369,0.2994027057075807
4.23163838294615,16,117,-1.51456252856746,2.1611823453738723
-0.083183760222784,17,117,0.0679890462949369,0.105229369055268
-0.083183760222784,14,31,0.0679890462949369,-0.2602733822902615
-0.083183760222784,17,86,0.0679890462949369,0.2979749605851373
-0.802320784084273,17,48,-1.51456252856746,-0.965579472777338
-0.083183760222784,17,117,0.0679890462949369,-0.1803196554334268
-0.083183760222784,17,105,0.0679890462949369,0.2037437825038676
-0.083183760222784,17,31,0.0679890462949369,0.0267033873208769
-0.802320784084273,37,36,-1.51456252856746,-1.2140214015337272
-0.083183760222784,17,79,0.0679890462949369,0.0249187059178226
-0.802320784084273,37,60,1.5822736904769952,-1.214149898594747
0.6359532636387049,17,11,-1.5083564439601564,-0.3230941676777744
-0.083183760222784,14,0,-1.51456252856746,-0.5843715250849302
1.3550902875001938,13,76,1.6567467057646377,1.390199979254395
-0.083183760222784,17,76,0.0679890462949369,0.6477725155837883
1.3550902875001938,14,117,0.0679890462949369,0.0052872104842248
-1.1618892960150171,37,60,0.0679890462949369,-1.2082961435927286
1.3550902875001938,17,93,0.0679890462949369,0.6891200143297516
-0.802320784084273,25,36,0.0679890462949369,-1.0712326118381552
-0.083183760222784,17,79,-1.51456252856746,-0.6600420165744345
-0.083183760222784,17,86,0.0679890462949369,0.2551426069118327
-0.083183760222784,17,117,0.0679890462949369,0.4050558447683978
-0.083183760222784,17,117,0.0679890462949369,0.8751694812353605
1.3550902875001938,14,20,1.6567467057646377,0.3964893740337368
-0.083183760222784,17,76,0.0679890462949369,-0.2204392933740884
-0.802320784084273,37,36,-1.51456252856746,-1.1469173807788835
-0.083183760222784,17,40,-1.51456252856746,-0.1803196554334268
-0.083183760222784,25,31,-1.5083564439601564,-0.8108547338581388
-0.083183760222784,17,105,0.0679890462949369,0.4307552569723802
-0.802320784084273,37,48,1.5822736904769952,-0.9798569240017728
-0.083183760222784,17,31,0.0679890462949369,-0.2574178920453746
-0.4427522721535284,3,31,0.0679890462949369,-0.5800882897175998
-0.083183760222784,17,31,-1.51456252856746,-0.6943078995130779
-0.083183760222784,37,48,0.0679890462949369,-0.8941922166551642
-0.083183760222784,37,99,-1.5083564439601564,-1.0512441801239465
-0.083183760222784,17,79,0.0679890462949369,-0.057533574903288
-0.083183760222784,14,40,0.0679890462949369,-0.4515912286976872
-0.083183760222784,17,86,0.0679890462949369,-0.3230941676777744
-0.083183760222784,14,86,0.0679890462949369,0.8919169315216227
0.6359532636387049,6,86,0.0679890462949369,-0.0375451431890794
-0.802320784084273,37,43,-0.7263897834399132,-0.998417610593538
1.3550902875001938,14,52,0.0679890462949369,1.5329744914987429
-0.802320784084273,3,18,-0.7263897834399132,-0.9084696678795992
-0.083183760222784,6,76,0.0679890462949369,-0.3659122438998541
-0.802320784084273,17,43,0.0679890462949369,-0.9084839453308236
-0.802320784084273,29,57,-0.7263897834399132,-0.8170939800432166
-0.802320784084273,37,2,1.5822736904769952,-1.1654637899194245
-0.802320784084273,37,36,0.0679890462949369,-1.1983019277356244
-0.083183760222784,17,117,-1.51456252856746,-0.3987646591672786
-0.083183760222784,14,117,0.0679890462949369,0.0938074080757203
-0.802320784084273,17,48,-0.7263897834399132,-1.0305418758485163
-0.083183760222784,14,117,0.0679890462949369,0.7562811448894924
-0.083183760222784,14,31,0.0679890462949369,-0.0375451431890794
1.3550902875001938,6,86,1.6567467057646377,0.8903464118869351
-0.083183760222784,9,86,1.6567467057646377,1.6514773366615514
-0.802320784084273,14,0,-0.7263897834399132,-0.8228049605329906
-0.083183760222784,17,46,1.5822736904769952,0.347946039870659
-0.083183760222784,14,3,0.0679890462949369,1.4415988036623606
1.3550902875001938,26,86,1.6567467057646377,1.97557547945622
-0.083183760222784,17,117,-1.51456252856746,-0.1232098505356879
1.3550902875001938,17,117,0.0679890462949369,0.6649054570531101
0.6359532636387049,29,79,-1.51456252856746,-0.6157961952299112
-0.083183760222784,17,117,0.0679890462949369,0.3193911374217893
-0.083183760222784,17,86,0.0679890462949369,-0.494609189236909
-0.802320784084273,17,43,0.0679890462949369,-0.8941922166551642
-0.083183760222784,14,76,0.0679890462949369,0.1488612599971406
-0.083183760222784,14,31,0.0679890462949369,-0.2674121079024789
-0.083183760222784,16,117,0.0679890462949369,2.265407739312245
1.3550902875001938,9,86,-1.51456252856746,2.141193913659663
-0.802320784084273,37,36,-1.51456252856746,-1.169747025286755
1.3550902875001938,17,117,0.0679890462949369,0.5763852594616146
-0.083183760222784,14,79,0.0679890462949369,0.0274172598820986
-0.083183760222784,17,117,0.0679890462949369,-0.3516490701266438
1.3550902875001938,17,117,0.0679890462949369,1.6043617476209169
-0.083183760222784,17,86,1.6567467057646377,1.0675295815821702
1.3550902875001938,17,20,1.6567467057646377,0.8876336961542923
-0.083183760222784,17,1,1.6567467057646377,0.7919747729505793
-0.802320784084273,17,48,1.5822736904769952,-1.022689277675077
-1.1618892960150171,37,36,0.0679890462949369,-1.1719600302265425
-0.083183760222784,17,117,1.6567467057646377,1.141772327949231
-0.083183760222784,32,117,1.6567467057646377,1.167471740153213
-0.802320784084273,17,48,-1.51456252856746,-0.9370245703284684
-0.083183760222784,15,20,0.0679890462949369,-0.4801318536953322
-0.083183760222784,15,31,0.0679890462949369,-0.2816895591269137
-0.802320784084273,17,31,0.0679890462949369,-0.7515604789230612
-0.802320784084273,37,48,-0.7263897834399132,-0.6229206433909041
-0.083183760222784,17,20,0.0679890462949369,0.534980650910754
-0.083183760222784,37,31,-1.51456252856746,-0.835726053891104
-0.083183760222784,14,76,0.0679890462949369,0.1286158341608921
1.3550902875001938,13,117,1.6567467057646377,1.1046509547657004
-0.4427522721535284,21,57,0.0679890462949369,-0.965579472777338
-0.083183760222784,17,75,0.0679890462949369,0.4307552569723802
-0.083183760222784,17,0,-1.51456252856746,-0.7542731946557037
1.3550902875001938,9,103,0.0679890462949369,2.389621564964828
-0.083183760222784,14,117,0.0679890462949369,0.0481195641575289
-0.083183760222784,17,76,0.0679890462949369,0.0244189951249673
-0.083183760222784,17,1,0.0679890462949369,-0.0375451431890794
0.6359532636387049,17,117,0.0679890462949369,1.247425467010048
-0.802320784084273,15,36,-1.3221739057410509,-1.1797412411438593
-0.802320784084273,37,60,0.0679890462949369,-1.2225735948171634
-0.083183760222784,14,86,0.0679890462949369,-0.1646144590865486
-0.802320784084273,14,47,-0.7263897834399132,-0.7514177044108168
1.3550902875001938,19,1,1.6567467057646377,1.8841997916198376
1.3550902875001938,17,75,1.6567467057646377,1.889910772109612
-0.083183760222784,17,45,0.0679890462949369,0.8133909497872317
-0.802320784084273,37,60,1.5822736904769952,-1.1112094752665724
1.3550902875001938,11,110,1.6567467057646377,1.5329744914987429
2.7933643352231714,30,86,1.6567467057646377,1.794251848905899
-0.802320784084273,17,31,0.0679890462949369,-0.8085275093085558
-0.083183760222784,3,90,-1.51456252856746,-0.8656373142062949
-0.802320784084273,17,79,0.0679890462949369,-0.5372559360442956
-0.083183760222784,14,31,0.0679890462949369,0.4336107472172671
-0.802320784084273,17,61,-0.7263897834399132,-1.1083539850216857
-0.083183760222784,14,117,0.0679890462949369,-0.0375451431890794
-0.083183760222784,17,23,0.0679890462949369,0.0766744666063986
-0.802320784084273,37,31,1.5822736904769952,-0.9758592376589312
-0.083183760222784,17,53,0.0679890462949369,1.2388589962753869
-0.083183760222784,17,40,0.0679890462949369,-0.1392862606144013
1.3550902875001938,36,66,1.6567467057646377,2.0897950892516985
-0.083183760222784,37,31,-0.7263897834399132,-0.7656951556352516
1.3550902875001938,14,3,0.0679890462949369,1.2131595840714045
-0.083183760222784,14,75,1.6567467057646377,0.5835239850738322
-0.083183760222784,17,31,0.0679890462949369,0.3136801569320155
-0.083183760222784,17,76,0.0679890462949369,-0.2088745578822963
-0.802320784084273,25,99,1.5822736904769952,-0.922747119104034
-0.083183760222784,14,96,-1.51456252856746,1.3145294877648914
-0.802320784084273,36,114,-0.7263897834399132,-0.1945971066578617
-0.083183760222784,36,66,0.0679890462949369,0.961876442521353
-0.083183760222784,3,48,0.0679890462949369,-0.6930229289028786
-0.802320784084273,17,48,-1.51456252856746,-0.829943686145208
-0.802320784084273,37,60,-0.7263897834399132,-0.9855679044915466
-0.083183760222784,17,31,-1.51456252856746,-0.5372559360442956
-0.083183760222784,14,86,1.6567467057646377,-0.4658686799221218
-0.083183760222784,17,75,0.0679890462949369,1.377350273152404
-0.802320784084273,37,61,1.5822736904769952,-1.1726025155316415
-0.802320784084273,37,48,1.5822736904769952,-0.9370245703284684
-0.083183760222784,17,79,-1.5083564439601564,-0.522978484819861
0.6359532636387049,14,117,-1.51456252856746,0.8191019302770055
0.6359532636387049,12,22,0.0679890462949369,1.046113404745518
-0.083183760222784,13,76,1.6567467057646377,1.247425467010048
-0.083183760222784,17,31,1.5822736904769952,0.0409808385453117
-0.083183760222784,11,37,-0.7263897834399132,0.2137379983609721
-0.083183760222784,6,79,0.0679890462949369,1.0230553210180555
0.6359532636387049,19,8,0.0679890462949369,0.2480038812996155
-0.083183760222784,37,26,-0.7263897834399132,-0.550105642146287
-0.083183760222784,17,117,0.0679890462949369,1.8313732220894288
-0.083183760222784,17,31,-0.4036733838601303,0.3408073142584413
-0.083183760222784,14,31,0.0679890462949369,0.7805528119710318
-0.083183760222784,14,76,1.6567467057646377,0.1951773117692069
-0.802320784084273,37,0,-1.51456252856746,-0.7691217439291159
-0.802320784084273,14,79,-0.7263897834399132,-0.5700940738604956
-0.802320784084273,17,92,0.0679890462949369,-1.2512712717782777
-0.802320784084273,37,85,-0.7263897834399132,-0.799961038573895
-0.083183760222784,14,79,0.0679890462949369,-0.1089323993112531
1.3550902875001938,14,3,1.6567467057646377,1.7314310635183858
1.3550902875001938,17,117,1.6567467057646377,1.1046509547657004
1.3550902875001938,14,86,1.6567467057646377,0.9604486973989096
1.3550902875001938,17,86,1.6567467057646377,1.1774659560103176
-0.083183760222784,14,31,0.0679890462949369,-0.1617732462928861
4.23163838294615,6,86,1.6567467057646377,2.389621564964828
-0.083183760222784,17,117,0.0679890462949369,0.3208188825442327
-0.083183760222784,37,72,-1.51456252856746,-0.7799726068596864
2.7933643352231714,15,8,0.0679890462949369,0.2051715276263114
-0.083183760222784,29,63,-0.4036733838601303,-0.0375451431890794
-0.083183760222784,17,76,0.0679890462949369,-0.3232369421900187
-0.083183760222784,17,1,-1.51456252856746,0.8904891863991792
-0.083183760222784,14,0,0.0679890462949369,-0.2517069115556006
-0.083183760222784,14,31,0.0679890462949369,-0.3059612262084527
-0.802320784084273,37,36,0.0679890462949369,-1.121203691123677
-0.083183760222784,37,31,0.0679890462949369,-0.7228770794131718
-0.083183760222784,15,79,0.0679890462949369,0.6763274180326581
-0.802320784084273,37,36,1.5822736904769952,-1.1797412411438593
-0.802320784084273,37,60,-1.4214712594579073,-1.2282845753069376
-0.083183760222784,17,31,0.0679890462949369,-0.2517069115556006
-0.083183760222784,17,86,0.0679890462949369,0.1409229971163549
-0.802320784084273,14,79,-1.51456252856746,-0.7314292726966082
-0.083183760222784,14,86,1.6567467057646377,0.282269764238259
-0.083183760222784,14,117,0.0679890462949369,0.0338421129330943
-0.083183760222784,15,31,-0.7263897834399132,-0.3230941676777744
-0.802320784084273,17,86,1.5822736904769952,-0.6943078995130779
-0.083183760222784,17,31,-1.51456252856746,-0.4130421103917132
1.3550902875001938,17,76,0.0679890462949369,0.1341269303335239
1.3550902875001938,14,76,0.0679890462949369,0.3921347514102842
-1.1618892960150171,37,36,0.0679890462949369,-1.256839477755807
-0.802320784084273,25,79,-1.51456252856746,-0.8621107837538594
2.7933643352231714,17,117,1.6567467057646377,2.6309104906577754
-0.083183760222784,17,31,0.0679890462949369,-0.3373716189022092
1.3550902875001938,17,117,0.0679890462949369,0.5406916314005278
-0.083183760222784,14,117,0.0679890462949369,0.390778393543963
-0.083183760222784,14,86,0.0679890462949369,0.390778393543963
-0.083183760222784,17,105,0.0679890462949369,0.2204912327901297
-0.802320784084273,37,48,-0.7263897834399132,-0.6229206433909041
-0.083183760222784,14,79,0.0679890462949369,-0.3373716189022092
-0.083183760222784,17,63,0.0679890462949369,0.3065414313197979
-0.802320784084273,17,86,-1.51456252856746,-0.4658686799221218
-0.083183760222784,37,48,-1.5083564439601564,-0.9513020215529032
-0.802320784084273,17,31,1.5822736904769952,-0.7714061361250255
-0.083183760222784,17,23,0.0679890462949369,0.3593680008502065
1.3550902875001938,14,117,0.0679890462949369,2.6948306397895694
-0.083183760222784,14,31,1.5822736904769952,-0.3787762274530698
-0.083183760222784,19,86,0.0679890462949369,0.2480038812996155
-0.802320784084273,14,57,-1.3221739057410509,-1.079799082572816
-0.083183760222784,14,40,0.0679890462949369,0.7477146741548317
-0.083183760222784,17,1,0.0679890462949369,0.347946039870659
-0.083183760222784,17,79,0.0679890462949369,-0.4681387946668069
-0.802320784084273,17,99,0.0679890462949369,-1.0369810063507363
0.6359532636387049,17,117,-1.51456252856746,0.961876442521353
-0.083183760222784,14,86,0.0679890462949369,-0.3802039725755134
-0.083183760222784,7,76,0.0679890462949369,0.390778393543963
-0.802320784084273,17,48,-0.7263897834399132,-0.5560022295019785
-0.083183760222784,34,86,0.0679890462949369,0.0281311324433203
-0.083183760222784,17,40,-1.51456252856746,-0.4672964250445653
-0.802320784084273,37,89,1.5822736904769952,-1.1083539850216857
-0.802320784084273,17,0,-0.7263897834399132,-0.5993628488705868
-0.802320784084273,17,31,1.5822736904769952,-0.4858571116363304
-0.802320784084273,17,63,-1.51456252856746,-0.9465190753927176
-0.802320784084273,17,48,1.5822736904769952,-1.0398222191443989
-0.083183760222784,14,86,1.6567467057646377,0.8619342839503096
-0.802320784084273,17,48,-0.7263897834399132,-0.8941922166551642
-0.083183760222784,17,31,0.0679890462949369,-0.0118600084363212
1.3550902875001938,14,117,0.0679890462949369,2.24684705272048
-0.083183760222784,3,48,-1.51456252856746,-0.8297295243768413
-0.083183760222784,17,86,-1.51456252856746,0.2208767239731893
-0.802320784084273,37,36,1.5822736904769952,-1.28682212532712
-0.802320784084273,14,92,0.0679890462949369,-1.2425620265313722
-0.4427522721535284,3,86,0.0679890462949369,-0.2517069115556006
-0.4427522721535284,14,74,-0.7263897834399132,-0.7943928325963655
-0.802320784084273,37,48,-1.51456252856746,-0.7244333215966352
-0.802320784084273,15,21,0.0679890462949369,-1.1083539850216857
-0.802320784084273,17,47,-0.7263897834399132,-0.7071576056150691
1.3550902875001938,38,28,1.6567467057646377,1.1988821328469697
-0.083183760222784,14,117,0.0679890462949369,2.675170589453523
-0.083183760222784,17,40,0.0679890462949369,-0.4087588750243829
-0.083183760222784,13,79,-0.7263897834399132,0.6763274180326581
-0.802320784084273,37,105,1.5822736904769952,-0.237429460331166
-0.802320784084273,17,61,1.5822736904769952,-1.115492710633903
-0.802320784084273,37,31,1.5822736904769952,-0.1931693615354182
-0.083183760222784,3,23,1.5822736904769952,1.050382362661624
-0.083183760222784,37,99,-1.5083564439601564,-1.0512441801239465
-0.4427522721535284,14,64,0.0679890462949369,-0.6800304482886431
-0.083183760222784,17,31,0.0679890462949369,-0.4216085811263741
-0.802320784084273,17,79,1.5822736904769952,-0.628631623880678
-0.802320784084273,17,92,-1.3221739057410509,-1.251128497266033
1.3550902875001938,6,86,1.6567467057646377,1.056107620602622
4.23163838294615,14,104,0.0679890462949369,2.1954482283125154
1.3550902875001938,17,103,0.0679890462949369,2.2896794063937844
-0.083183760222784,17,86,0.0679890462949369,-0.5372416585930712
-0.802320784084273,14,57,-1.3221739057410509,-1.0512441801239465
-0.083183760222784,37,105,1.5822736904769952,-0.166727521867765
-0.802320784084273,17,0,-0.7263897834399132,-0.5800882897175998
1.3550902875001938,17,1,0.0679890462949369,0.5883640410389156
-0.802320784084273,37,60,0.0679890462949369,-1.1854522216336332
1.3550902875001938,17,104,0.0679890462949369,1.7471362598652642
1.3550902875001938,14,117,0.0679890462949369,0.5321251606658671
0.6359532636387049,14,22,0.0679890462949369,0.7819805570934751
0.6359532636387049,25,76,-1.51456252856746,-0.7371402531863821
-0.083183760222784,14,40,0.0679890462949369,0.9204718339704924
-0.083183760222784,25,31,-1.51456252856746,-0.5515333872687304
0.6359532636387049,17,11,1.6567467057646377,-0.2517069115556006
-0.802320784084273,25,30,-0.7263897834399132,-0.745706723921043
1.3550902875001938,17,117,0.0679890462949369,0.8191019302770055
-0.802320784084273,17,48,1.5822736904769952,-0.8513598629818601
-0.083183760222784,37,26,-1.51456252856746,-0.9513020215529032
-0.083183760222784,15,86,1.6567467057646377,1.2845468401935782
-0.083183760222784,14,40,0.0679890462949369,0.4978592777272236
-0.083183760222784,6,31,0.0679890462949369,0.7776973217261448
-0.083183760222784,6,117,0.0679890462949369,0.9104776181133878
-0.083183760222784,17,86,0.0679890462949369,0.1337842715041375
-0.802320784084273,37,0,1.5822736904769952,-0.6522179733034442
-0.802320784084273,17,57,0.0679890462949369,-1.136908887470555
1.3550902875001938,17,104,0.0679890462949369,1.5329744914987429
-0.802320784084273,37,48,-1.51456252856746,-0.9427355508182426
1.3550902875001938,5,117,0.0679890462949369,1.6757490037430904
-0.083183760222784,14,20,0.0679890462949369,0.390778393543963
-0.4427522721535284,17,31,-1.51456252856746,-0.8013887836963385
-0.083183760222784,15,117,0.0679890462949369,0.2480038812996155
-0.802320784084273,37,99,0.0679890462949369,-1.1083539850216857
4.23163838294615,19,106,-1.51456252856746,5.387886322096125
1.3550902875001938,17,8,-1.51456252856746,-0.3516347926754193
-0.802320784084273,37,85,-1.51456252856746,-0.9728609729017998
-0.802320784084273,37,85,-1.51456252856746,-1.094076533797251
-0.802320784084273,37,105,1.5822736904769952,-0.3659265213510786
-0.083183760222784,17,117,0.0679890462949369,0.0609692702595203
-0.083183760222784,17,86,1.6567467057646377,0.3765009423195282
1.3550902875001938,17,117,0.0679890462949369,1.6312890206302004
-0.802320784084273,10,17,0.0679890462949369,-1.0655216313483815
-0.083183760222784,37,105,0.0679890462949369,-0.0018515151279925
-0.083183760222784,17,63,0.0679890462949369,0.4850095716252323
-0.802320784084273,17,79,-1.51456252856746,-0.4987068177383218
-0.083183760222784,37,31,0.0679890462949369,-0.4658686799221218
-0.802320784084273,37,63,1.5822736904769952,-0.2759785786371397
-1.1618892960150171,17,92,0.0679890462949369,-1.2654059484904678
-0.802320784084273,17,31,-0.7263897834399132,-0.938452315450912
-0.4427522721535284,6,31,-1.51456252856746,-0.6942936220618534
1.3550902875001938,17,86,1.6567467057646377,1.106078699888144
1.3550902875001938,17,117,0.0679890462949369,0.5049980033394409
-0.802320784084273,17,79,0.0679890462949369,-0.4230363262488175
-0.802320784084273,17,48,-1.51456252856746,-0.7799726068596864
-0.083183760222784,37,36,-1.51456252856746,-1.0369667288995117
-0.083183760222784,17,40,-1.51456252856746,-0.312214749844755
-0.083183760222784,7,79,0.0679890462949369,1.0618186010923965
-1.1618892960150171,37,60,0.0679890462949369,-1.251128497266033
-0.083183760222784,15,86,0.0679890462949369,0.9025108003301532
1.3550902875001938,16,117,-1.51456252856746,1.8185235159874376
-0.083183760222784,14,117,0.0679890462949369,-0.0232676919646447
-0.083183760222784,3,43,-1.51456252856746,-0.8629245984736522
1.3550902875001938,14,86,1.6567467057646377,1.891338517232055
-0.083183760222784,14,117,-1.51456252856746,0.0623970153819637
-0.802320784084273,37,48,1.5822736904769952,-0.9641517276548944
-0.802320784084273,37,60,0.0679890462949369,-1.215434869204946
-0.083183760222784,14,31,0.0679890462949369,-0.2945392652289049
1.3550902875001938,17,117,0.0679890462949369,2.1040725404761327
-0.083183760222784,17,63,0.0679890462949369,0.1252178007694767
-0.083183760222784,14,86,0.0679890462949369,0.654911241196006
4.23163838294615,14,104,1.6567467057646377,2.389621564964828
-0.083183760222784,17,40,-1.51456252856746,-0.5943657409420346
-0.083183760222784,17,79,0.0679890462949369,0.463450620276336
-0.083183760222784,17,117,0.0679890462949369,0.094949604173675
-0.802320784084273,37,48,1.5822736904769952,-1.0856528375748342
-0.083183760222784,14,31,1.5822736904769952,-0.0875162224746011
-0.083183760222784,17,76,0.0679890462949369,-0.2945392652289049
1.3550902875001938,17,76,0.0679890462949369,0.0138536812188857
-0.083183760222784,14,8,0.0679890462949369,0.1009461336879375
4.23163838294615,19,117,0.0679890462949369,2.8870051332704607
-0.083183760222784,17,73,0.0679890462949369,0.1480617227285723
-0.802320784084273,37,36,1.5822736904769952,-1.0084118264506423
-0.802320784084273,17,63,1.5822736904769952,-0.8427933922471993
-0.4427522721535284,27,48,-1.51456252856746,-0.8370824117574254
-0.083183760222784,17,117,0.0679890462949369,0.5160915829408267
-0.802320784084273,37,24,-0.7263897834399132,-0.8956199617776077
-0.083183760222784,17,86,-1.51456252856746,-0.5429669165340696
-0.083183760222784,14,31,0.0679890462949369,0.1894663312794332
-0.802320784084273,37,48,-0.7263897834399132,-1.0184060423077466
-0.083183760222784,36,1,0.0679890462949369,1.060176694201586
-0.083183760222784,17,31,0.0679890462949369,-0.4388129098518181
-0.083183760222784,15,31,0.0679890462949369,-0.1303485761479053
-0.802320784084273,37,54,-0.7263897834399132,-1.1083539850216857
-0.802320784084273,15,0,-0.7263897834399132,-0.6086431921664693
1.3550902875001938,17,117,0.0679890462949369,0.2408651556873983
-0.083183760222784,17,31,0.0679890462949369,0.0138536812188857
-0.083183760222784,25,36,0.0679890462949369,-0.8999031971449383
-0.083183760222784,14,76,1.6567467057646377,1.6757490037430904
1.3550902875001938,17,40,0.0679890462949369,0.2480038812996155
-0.083183760222784,17,40,0.0679890462949369,-0.1818901750681147
-0.802320784084273,37,36,-0.7263897834399132,-1.0084118264506423
1.3550902875001938,17,40,0.0679890462949369,1.3216682133771085
-0.802320784084273,14,48,0.0679890462949369,-0.6086431921664693
-0.083183760222784,15,76,1.6567467057646377,0.5335529057883105
1.3550902875001938,17,103,0.0679890462949369,2.4106808055208693
-0.802320784084273,37,31,1.5822736904769952,-0.7319860932943612
-0.802320784084273,37,48,-1.51456252856746,-0.8275593517907273
-0.4427522721535284,14,108,-1.5083564439601564,-0.7942500580841211
-0.802320784084273,37,113,1.5822736904769952,-1.1526140838174332
-0.802320784084273,37,113,0.0679890462949369,-1.0712326118381552
-0.802320784084273,17,31,0.0679890462949369,-0.6086431921664693
-0.083183760222784,17,117,1.5822736904769952,1.1174863834164674
-0.083183760222784,26,86,0.0679890462949369,2.091222834374142
-0.083183760222784,14,31,0.0679890462949369,-0.2174410286169572
-0.802320784084273,37,5,0.0679890462949369,-1.2225735948171634
1.3550902875001938,6,86,1.6567467057646377,0.8904891863991792
-0.802320784084273,6,16,0.0679890462949369,-0.6514755458397736
1.3550902875001938,6,20,1.6567467057646377,1.0732405620719438
-0.083183760222784,17,40,-1.51456252856746,-0.4373137774732524
-0.802320784084273,17,70,0.0679890462949369,-1.0369667288995117
-0.083183760222784,37,11,-1.51456252856746,-0.9941343752262076
-0.802320784084273,17,31,0.0679890462949369,-0.7193648264119609
-0.802320784084273,37,48,1.5822736904769952,-0.9641517276548944
-0.083183760222784,17,31,0.0679890462949369,-0.4715796604118958
-1.3416735519803895,15,79,0.0679890462949369,-0.1803196554334268
1.3550902875001938,17,20,1.6567467057646377,1.0418301693781873
-0.083183760222784,17,111,0.0679890462949369,0.0938074080757203
-0.4427522721535284,14,72,-1.5083564439601564,-0.6714497001027577
-0.083183760222784,14,117,0.0679890462949369,0.1766166251774418
-0.083183760222784,17,23,0.0679890462949369,-0.0518225944135142
-0.083183760222784,17,31,-1.51456252856746,-0.5700940738604956
-0.802320784084273,17,36,0.0679890462949369,-1.1811689862663026
1.3550902875001938,17,105,1.6567467057646377,0.4302698236307494
-0.083183760222784,14,31,0.0679890462949369,-0.3829595206618293
-0.083183760222784,17,105,0.0679890462949369,0.0766744666063986
-0.802320784084273,37,116,1.5822736904769952,-1.1811689862663026
-0.802320784084273,24,68,-1.3221739057410509,-1.2282845753069376
-0.083183760222784,17,86,0.0679890462949369,0.1066571141777115
9.98473457383806,12,20,1.6567467057646377,0.8014550005636041
-0.083183760222784,10,31,0.0679890462949369,-0.4121854633182472
-0.083183760222784,14,31,0.0679890462949369,0.5335529057883105
4.23163838294615,5,117,0.0679890462949369,3.6180534683151935
-0.083183760222784,17,117,0.0679890462949369,0.3186487099581186
-0.802320784084273,37,31,-1.51456252856746,-0.9071846972694
-0.802320784084273,6,0,-1.51456252856746,-0.6800304482886431
-0.083183760222784,37,31,-1.51456252856746,-0.764952728171581
-0.802320784084273,17,43,-1.51456252856746,-0.9084696678795992
1.3550902875001938,14,8,0.0679890462949369,1.1560497791736657
0.6359532636387049,37,31,-1.51456252856746,-0.6800304482886431
-0.4427522721535284,17,64,0.0679890462949369,-0.6786027031661996
-0.802320784084273,37,31,1.5822736904769952,-0.8085275093085558
-0.083183760222784,14,31,0.0679890462949369,-0.2360017152087223
-0.802320784084273,17,86,-1.51456252856746,-0.4944235823709913
1.3550902875001938,17,117,0.0679890462949369,1.847078418436308
-0.083183760222784,6,79,-1.51456252856746,-0.6657529970642084
1.3550902875001938,17,117,0.0679890462949369,1.383746571300951
-0.802320784084273,37,48,1.5822736904769952,-1.0201193364546788
-0.083183760222784,17,86,0.0679890462949369,0.1166513300348158
-0.083183760222784,37,48,0.0679890462949369,-0.6571865263295475
-0.083183760222784,15,31,0.0679890462949369,0.5849517301962757
-0.083183760222784,6,31,0.0679890462949369,-0.1803196554334268
1.3550902875001938,19,1,-1.51456252856746,3.103494126186565
-1.1618892960150171,37,60,0.0679890462949369,-1.1354811423481117
1.3550902875001938,17,86,0.0679890462949369,0.7477146741548317
-0.083183760222784,37,31,0.0679890462949369,0.0020176741538293
1.3550902875001938,14,25,0.0679890462949369,4.659736309649953
-0.802320784084273,25,60,-0.7263897834399132,-0.9284580995938078
-0.083183760222784,17,73,0.0679890462949369,1.106078699888144
-0.802320784084273,37,111,-1.51456252856746,-0.7799726068596864
-0.802320784084273,37,86,0.0679890462949369,-0.393196453189749
-0.083183760222784,38,9,0.0679890462949369,0.105229369055268
-0.083183760222784,14,40,0.0679890462949369,-0.0375451431890794
-0.083183760222784,17,8,0.0679890462949369,0.6220731033798059
1.3550902875001938,19,117,0.0679890462949369,2.4895494460846463
-0.802320784084273,37,31,0.0679890462949369,-0.7514177044108168
-0.083183760222784,14,117,0.0679890462949369,-0.1103601444336965
1.3550902875001938,17,1,0.0679890462949369,1.0475411498679614
-0.083183760222784,11,37,0.0679890462949369,0.6192176131349191
-0.083183760222784,34,31,0.0679890462949369,0.0052872104842248
-0.802320784084273,37,48,1.5822736904769952,-0.3944814237999481
-0.802320784084273,37,63,-0.7263897834399132,-0.6714639775539822
-0.802320784084273,37,61,-1.51456252856746,-0.9351113918643944
1.3550902875001938,22,8,0.0679890462949369,-0.0375451431890794
-0.083183760222784,6,86,0.0679890462949369,0.6763274180326581
-0.802320784084273,37,61,-1.51456252856746,-1.1811689862663026
1.3550902875001938,17,86,0.0679890462949369,0.0799154480343452
1.3550902875001938,6,86,0.0679890462949369,0.961876442521353
-0.802320784084273,29,63,-0.7263897834399132,-0.1503370078621139
-0.083183760222784,17,117,-1.51456252856746,-0.0375451431890794
0.6359532636387049,6,86,-1.5083564439601564,-0.4087588750243829
1.3550902875001938,5,3,1.6567467057646377,1.7771189074365772
-0.802320784084273,14,0,-0.7263897834399132,-0.6985911348804082
1.3550902875001938,17,117,1.6567467057646377,2.532396077209176
-0.083183760222784,27,10,-0.7263897834399132,-0.7758321460046003
4.23163838294615,14,117,0.0679890462949369,3.517254662670684
1.3550902875001938,14,8,0.0679890462949369,1.7485640049877076
1.3550902875001938,14,22,1.6567467057646377,0.9119053632358312
-0.083183760222784,37,51,-1.51456252856746,-1.136908887470555
1.3550902875001938,17,86,1.6567467057646377,1.6757490037430904
1.3550902875001938,14,117,0.0679890462949369,1.0932289937861526
-0.083183760222784,17,40,0.0679890462949369,-0.0518225944135142
-0.802320784084273,14,117,-1.51456252856746,-0.1803196554334268
1.3550902875001938,14,117,0.0679890462949369,1.6757490037430904
-0.083183760222784,17,40,0.0679890462949369,-0.2003080871476354
-0.083183760222784,17,117,0.0679890462949369,0.3051136861973544
-0.802320784084273,27,36,0.0679890462949369,-1.316947547410677
-0.083183760222784,15,86,1.6567467057646377,1.2060208584591874
-0.083183760222784,6,31,0.0679890462949369,-0.237429460331166
-0.083183760222784,39,62,0.0679890462949369,0.0566860348921898
-0.083183760222784,0,31,0.0679890462949369,1.720009102538838
-0.802320784084273,37,36,0.0679890462949369,-1.1797412411438593
-0.083183760222784,37,31,-0.7263897834399132,-0.4501634835752435
-0.083183760222784,15,86,0.0679890462949369,0.3193911374217893
-0.083183760222784,17,48,0.0679890462949369,-0.5515333872687304
-0.083183760222784,17,117,0.0679890462949369,1.341513870579073
-0.083183760222784,17,31,0.0679890462949369,-0.0375451431890794
-0.083183760222784,17,31,0.0679890462949369,0.5335529057883105
-0.083183760222784,16,40,0.0679890462949369,0.8904891863991792
-0.802320784084273,37,61,-0.7263897834399132,-0.544394661656513
-0.083183760222784,37,105,0.0679890462949369,0.3765009423195282
-0.802320784084273,37,63,1.5822736904769952,-0.4929958372485478
-0.083183760222784,37,101,-1.5083564439601564,-0.7085853507375125
1.3550902875001938,5,117,1.6567467057646377,0.7905470278281358
-0.802320784084273,17,31,-1.51456252856746,-0.7371402531863821
0.6359532636387049,14,117,-1.51456252856746,0.8904891863991792
1.3550902875001938,17,117,0.0679890462949369,1.8413674379465328
-0.083183760222784,17,31,0.0679890462949369,0.5335529057883105
-0.083183760222784,17,86,-1.51456252856746,-0.2345739700862789
-0.083183760222784,17,31,0.0679890462949369,-0.4789896575973773
-0.083183760222784,17,86,0.0679890462949369,1.0475411498679614
1.3550902875001938,13,67,1.6567467057646377,0.961876442521353
-0.802320784084273,37,60,0.0679890462949369,-1.0569551606137204
1.3550902875001938,14,117,0.0679890462949369,1.969893053868895
-0.802320784084273,37,63,1.5822736904769952,-0.5286894653096347
-0.802320784084273,37,48,1.5822736904769952,-0.9071846972694
-0.802320784084273,37,31,-0.7263897834399132,-0.0503948492910707
-0.083183760222784,14,86,1.6567467057646377,1.9612980282317851
-0.083183760222784,17,40,0.0679890462949369,0.105229369055268
-0.083183760222784,14,31,0.0679890462949369,1.070385071827057
-0.802320784084273,37,6,-0.7263897834399132,-0.8941922166551642
-0.083183760222784,33,31,0.0679890462949369,0.3322408435237807
-0.802320784084273,37,48,1.5822736904769952,-0.7714061361250255
-0.802320784084273,29,60,0.0679890462949369,-1.0997875142870246
-0.083183760222784,14,0,-0.7263897834399132,-0.7228628019619473
4.23163838294615,16,103,1.6567467057646377,6.244533395562209
1.3550902875001938,12,22,1.6567467057646377,1.390199979254395
-0.802320784084273,17,31,-1.51456252856746,-0.8656373142062949
-0.083183760222784,17,63,0.0679890462949369,0.0866686824635029
-0.083183760222784,14,105,0.0679890462949369,0.7491424192772752
1.3550902875001938,17,117,0.0679890462949369,2.3548274163308807
1.3550902875001938,17,117,0.0679890462949369,1.847078418436308
-0.802320784084273,37,0,1.5822736904769952,-0.6514755458397736
-0.802320784084273,37,17,0.0679890462949369,-1.142619867960329
-0.083183760222784,17,31,-0.7263897834399132,-0.7642674105128081
1.3550902875001938,17,8,0.0679890462949369,0.961876442521353
4.23163838294615,14,117,0.0679890462949369,2.7806666765508714
-0.083183760222784,3,31,-1.51456252856746,-0.3073889713308961
-0.083183760222784,37,31,-0.7263897834399132,-0.5872412927810418
-0.083183760222784,17,20,1.6567467057646377,1.0632463462148398
-0.802320784084273,17,86,0.0679890462949369,-0.5515333872687304
-0.802320784084273,25,36,0.0679890462949369,-0.7285737824517212
-0.083183760222784,14,63,1.6567467057646377,-0.1417705371274531
-0.083183760222784,6,31,0.0679890462949369,1.644338611049334
-0.083183760222784,17,20,1.6567467057646377,0.4892928069925626
-0.802320784084273,37,60,-0.7263897834399132,-1.1797412411438593
1.3550902875001938,17,117,0.0679890462949369,1.1046509547657004
-0.083183760222784,17,86,-1.51456252856746,-0.3716375018408526
-0.083183760222784,14,117,0.0679890462949369,1.1103619352554743
-0.083183760222784,14,86,0.0679890462949369,-0.4830016213914435
-0.083183760222784,17,31,-0.7263897834399132,-0.2574178920453746
-0.802320784084273,37,61,-1.51456252856746,-0.965579472777338
-0.083183760222784,6,1,0.0679890462949369,2.046962735578393
-0.083183760222784,6,63,-1.51456252856746,-0.6800304482886431
-0.802320784084273,17,85,-1.51456252856746,-0.9370245703284684
-0.083183760222784,14,31,-1.51456252856746,-0.392111366896692
-0.083183760222784,17,105,0.0679890462949369,0.3193911374217893
-0.802320784084273,17,31,-0.7263897834399132,0.2280154495854069
-0.083183760222784,14,40,-1.51456252856746,-0.1546202432294443
1.3550902875001938,7,66,1.6567467057646377,1.5915120415189252
-0.802320784084273,17,63,1.5822736904769952,-0.3073889713308961
-0.083183760222784,37,63,0.0679890462949369,-0.0432561236788533
-0.083183760222784,15,86,0.0679890462949369,1.1774659560103176
-0.083183760222784,14,31,0.0679890462949369,-0.318810932310444
-0.083183760222784,17,117,-1.51456252856746,0.93189379495004
-0.802320784084273,37,31,1.5822736904769952,-0.1003659285765922
-0.802320784084273,17,48,-1.51456252856746,-0.922747119104034
-0.083183760222784,14,86,0.0679890462949369,0.3750731971970847
-0.802320784084273,14,0,-0.4036733838601303,-0.5572443677585042
1.3550902875001938,17,86,0.0679890462949369,1.0332636986435266
-0.083183760222784,17,1,0.0679890462949369,0.8062522241750141
-0.802320784084273,37,61,-1.51456252856746,-1.0369810063507363
-0.083183760222784,14,63,0.0679890462949369,-0.2716953432698092
-0.802320784084273,17,31,0.0679890462949369,-0.3038196085247875
-0.802320784084273,17,31,0.0679890462949369,-0.4087588750243829
-0.802320784084273,6,31,0.0679890462949369,0.8205296753994489
-0.802320784084273,25,31,1.5822736904769952,-0.6289171729051667
-0.802320784084273,37,36,0.0679890462949369,-1.1097817301441288
-0.083183760222784,14,20,-1.51456252856746,-0.6514755458397736
-0.802320784084273,37,99,1.5822736904769952,-1.079799082572816
-0.802320784084273,6,31,0.0679890462949369,0.961876442521353
-0.802320784084273,37,85,-1.51456252856746,-0.9560135804569668
0.6359532636387049,17,40,0.0679890462949369,0.3492310104808578
-0.802320784084273,29,60,0.0679890462949369,-1.1825967313887462
-0.802320784084273,3,35,1.5822736904769952,-1.0655216313483815
-0.802320784084273,17,31,-0.7263897834399132,0.1994605471365373
1.3550902875001938,7,86,0.0679890462949369,0.390778393543963
-0.083183760222784,17,86,0.0679890462949369,0.8191019302770055
-0.083183760222784,14,31,0.0679890462949369,0.961876442521353
1.3550902875001938,19,8,0.0679890462949369,2.1754597965983065
-0.083183760222784,17,31,0.0679890462949369,0.4992870228496671
-0.083183760222784,17,117,-1.51456252856746,-0.2802618140044701
-0.083183760222784,17,86,-1.51456252856746,-0.3216664225553309
-0.802320784084273,37,85,-1.51456252856746,-0.7300015275741648
-0.083183760222784,17,105,1.5822736904769952,-0.2716953432698092
-0.083183760222784,7,110,1.6567467057646377,1.267556673236501
4.23163838294615,14,104,0.0679890462949369,0.2194489788507459
1.3550902875001938,6,110,0.0679890462949369,0.7477146741548317
-0.083183760222784,14,86,0.0679890462949369,1.3188127231322218
-0.083183760222784,14,31,1.6567467057646377,1.1960123651508583
1.3550902875001938,15,86,1.6567467057646377,1.390199979254395
-0.083183760222784,17,86,1.6567467057646377,0.510708983829215
-0.802320784084273,14,69,0.0679890462949369,-1.094076533797251
-0.083183760222784,14,111,0.0679890462949369,-0.4801461311465567
-0.083183760222784,15,86,1.6567467057646377,1.1046509547657004
-0.083183760222784,17,23,0.0679890462949369,0.1137958397899289
-0.083183760222784,16,28,-0.0313083074219193,2.819372846820314
-0.4427522721535284,17,86,0.0679890462949369,-0.4801461311465567
-0.083183760222784,17,86,0.0679890462949369,-0.1517790304357819
-0.802320784084273,17,0,-1.51456252856746,-0.8941922166551642
-0.802320784084273,17,31,-0.7263897834399132,-0.3487935798817569
-0.083183760222784,17,31,0.0679890462949369,-0.2360017152087223
1.3550902875001938,17,117,0.0679890462949369,0.6763274180326581
1.3550902875001938,17,117,0.0679890462949369,0.3193911374217893
-0.083183760222784,17,40,0.0679890462949369,-0.0076909926787864
-0.802320784084273,37,31,-1.51456252856746,-0.6286459013319023
-0.083183760222784,17,20,0.0679890462949369,0.2451341136035042
-0.083183760222784,15,31,1.6567467057646377,0.9989978157048832
-0.802320784084273,37,63,1.5822736904769952,-0.564525867882966
-0.083183760222784,14,86,0.0679890462949369,0.7491424192772752
-0.083183760222784,17,63,0.0679890462949369,0.0566860348921898
-0.802320784084273,37,31,-1.51456252856746,-0.5957078213571314
-0.802320784084273,37,63,1.5822736904769952,0.0338421129330943
-0.802320784084273,37,61,-1.51456252856746,-1.1654637899194245
-0.802320784084273,17,63,1.5822736904769952,0.6477725155837883
-0.802320784084273,37,60,-1.51456252856746,-1.1941614668805385
1.3550902875001938,38,71,-1.51456252856746,0.961876442521353
-0.802320784084273,14,63,-0.7263897834399132,-0.0289786724544185
-0.083183760222784,17,63,0.0679890462949369,0.7762695766037014
-0.802320784084273,37,85,-1.51456252856746,-0.8090986073575333
-0.083183760222784,17,117,0.0679890462949369,0.105229369055268
1.3550902875001938,30,104,0.0679890462949369,2.331084014944645
-0.083183760222784,14,111,0.0679890462949369,0.390778393543963
-0.802320784084273,3,99,-1.51456252856746,-0.8499321178594166
-0.802320784084273,37,31,1.5822736904769952,-0.7228628019619473
-0.083183760222784,37,63,0.0679890462949369,-0.0089902407402099
-0.083183760222784,15,84,0.0679890462949369,0.2480038812996155
1.3550902875001938,14,80,0.0679890462949369,-0.1803196554334268
-0.083183760222784,6,31,0.0679890462949369,0.4952893365068255
-0.083183760222784,17,86,-1.51456252856746,-0.628631623880678
-0.802320784084273,3,85,-1.51456252856746,-0.6657529970642084
-0.802320784084273,37,60,0.0679890462949369,-1.1083539850216857
-0.083183760222784,14,3,-1.4711199363163354,1.6043617476209169
-0.083183760222784,17,1,0.0679890462949369,0.9276105595827095
-0.083183760222784,17,63,0.0679890462949369,0.477870846013015
-0.083183760222784,17,50,0.0679890462949369,0.0481195641575289
-0.083183760222784,14,22,0.0679890462949369,0.5192611771126512
1.3550902875001938,19,117,0.0679890462949369,2.896471083432261
-0.083183760222784,6,42,0.0679890462949369,1.1046509547657004
-0.802320784084273,25,61,0.0679890462949369,-0.5001345628607653
-0.083183760222784,18,20,0.0679890462949369,0.2037437825038676
-0.802320784084273,10,60,0.0679890462949369,-1.0512441801239465
-0.083183760222784,17,73,0.0679890462949369,0.5849517301962757
-0.083183760222784,14,105,0.0679890462949369,0.9061943827460576
0.6359532636387049,17,31,0.0679890462949369,-0.1660422042089922
-0.083183760222784,6,86,1.6567467057646377,0.9490267364193616
-0.083183760222784,37,39,-1.51456252856746,-0.3980507866060569
-0.802320784084273,37,85,-1.51456252856746,-0.9418503488423275
-0.802320784084273,37,31,1.5822736904769952,-0.4287473067385915
-0.802320784084273,17,0,1.5822736904769952,-0.628631623880678
4.23163838294615,14,117,0.0679890462949369,2.889332357820044
-0.4427522721535284,17,31,0.0679890462949369,-0.6143541726562433
1.3550902875001938,7,110,1.6567467057646377,1.1046509547657004
-0.083183760222784,26,22,0.0679890462949369,1.195998087699634
4.23163838294615,17,8,0.0679890462949369,2.391049310087271
-0.083183760222784,17,63,0.0679890462949369,0.078102211728842
1.3550902875001938,17,117,0.0679890462949369,1.320097693742421
-0.083183760222784,14,29,0.0679890462949369,-0.2088745578822963
-0.802320784084273,37,63,0.0679890462949369,-0.1760364200660965
1.3550902875001938,16,86,0.0679890462949369,0.961876442521353
1.3550902875001938,17,117,0.0679890462949369,0.8904891863991792
0.6359532636387049,15,86,1.6567467057646377,0.2480038812996155
-0.802320784084273,17,63,-0.7263897834399132,0.0995183885654941
-0.4427522721535284,17,11,0.0679890462949369,-0.8228049605329906
-0.802320784084273,37,63,0.0679890462949369,-0.6800304482886431
-0.802320784084273,37,63,1.5822736904769952,-0.3002502457186788
-0.802320784084273,37,31,1.5822736904769952,-0.7514177044108168
-0.083183760222784,17,31,-1.51456252856746,-0.4558744640650175
-0.083183760222784,14,117,0.0679890462949369,0.0909519178308332
-0.083183760222784,37,86,-1.51456252856746,-0.5372559360442956
-0.083183760222784,17,31,-0.7263897834399132,-0.0089902407402099
-0.083183760222784,17,28,1.6567467057646377,1.1175006608676918
-0.802320784084273,17,48,0.0679890462949369,-0.8941922166551642
-0.802320784084273,37,36,-0.7263897834399132,-1.2202606477188052
-0.083183760222784,17,63,0.0679890462949369,0.3193911374217893
-0.083183760222784,18,31,0.0679890462949369,0.0352698580555377
-0.083183760222784,15,86,0.0679890462949369,0.3193911374217893
-0.802320784084273,37,61,1.5822736904769952,-1.0640938862259377
1.3550902875001938,17,117,0.0679890462949369,0.961876442521353
-0.083183760222784,17,86,1.6567467057646377,1.3759225280299603
-0.083183760222784,14,117,0.0679890462949369,0.1923218215243201
-0.083183760222784,14,31,0.0679890462949369,0.0909519178308332
-0.802320784084273,37,0,-0.7263897834399132,-0.8256604507778775
-0.802320784084273,37,31,1.5822736904769952,-0.4944235823709913
-0.802320784084273,17,63,-0.7263897834399132,0.0995183885654941
-0.802320784084273,37,73,0.0679890462949369,-0.0361316755178604
-0.802320784084273,17,31,0.0679890462949369,0.1137958397899289
-0.083183760222784,17,22,0.0679890462949369,0.4621656496661367
-0.083183760222784,17,31,0.0679890462949369,-0.1085611855794178
-0.802320784084273,37,0,1.5822736904769952,-0.6300593690031215
-0.083183760222784,17,40,0.0679890462949369,-0.2517069115556006
-0.802320784084273,17,31,1.5822736904769952,0.5906627106860495
-0.802320784084273,17,31,0.0679890462949369,0.6634777119306666
-0.083183760222784,17,20,0.0679890462949369,1.087817839772092
-0.802320784084273,37,0,1.5822736904769952,-0.4644409347996784
-0.083183760222784,37,63,0.0679890462949369,0.1209345654021463
-0.802320784084273,37,0,0.0679890462949369,-0.5072875659242071
1.3550902875001938,19,3,1.6567467057646377,2.6309104906577754
-0.083183760222784,14,63,0.0679890462949369,0.5207031996863192
-0.083183760222784,17,20,0.0679890462949369,1.575806845172047
-0.802320784084273,15,26,-1.51456252856746,-0.4701661927406768
-0.083183760222784,17,63,0.0679890462949369,0.6634777119306666
-0.083183760222784,14,31,0.0679890462949369,0.0338421129330943
-0.083183760222784,17,86,0.0679890462949369,0.0858548677437101
-0.083183760222784,17,73,1.5822736904769952,-0.1125874268247085
-0.802320784084273,37,31,0.0679890462949369,0.6192176131349191
-0.802320784084273,37,31,1.5822736904769952,0.0909519178308332
-0.802320784084273,37,31,1.5822736904769952,-0.0932272029643748
-0.083183760222784,7,31,0.0679890462949369,0.7120210460937448
-0.083183760222784,17,31,0.0679890462949369,-0.0646723005155054
-0.802320784084273,37,31,0.0679890462949369,-0.2174410286169572
-0.4427522721535284,37,43,-1.51456252856746,-1.022689277675077
-0.083183760222784,17,117,0.0679890462949369,0.094949604173675
-0.083183760222784,17,63,0.0679890462949369,0.0995183885654941
-0.083183760222784,17,20,0.0679890462949369,0.1480474452773479
-0.083183760222784,17,20,0.0679890462949369,0.3193911374217893
-0.802320784084273,37,31,1.5822736904769952,-0.5472501519013999
-0.083183760222784,14,22,0.0679890462949369,0.8562233034605358
-0.083183760222784,17,73,0.0679890462949369,-0.0890153548531666
-0.083183760222784,17,31,0.0679890462949369,-0.1638863090741024
-0.802320784084273,15,20,0.0679890462949369,-0.397336914044835
-1.1618892960150171,37,15,0.0679890462949369,-1.3056683609433737
1.3550902875001938,14,20,0.0679890462949369,0.4278997667274933
-0.083183760222784,17,63,0.0679890462949369,-0.108075752237787
-0.802320784084273,17,63,1.5822736904769952,-0.1788919103109834
-0.083183760222784,17,73,0.0679890462949369,1.3963963930858
-0.083183760222784,17,63,0.0679890462949369,0.4907205521150064
1.3550902875001938,14,104,0.0679890462949369,0.6001429382990743
1.3550902875001938,14,8,0.0679890462949369,1.6628850201898746
-0.802320784084273,37,60,0.0679890462949369,-1.1955892120029818
1.3550902875001938,9,22,0.0679890462949369,2.134055188047446
-0.083183760222784,14,86,-1.51456252856746,-0.2088745578822963
-0.083183760222784,15,98,0.0679890462949369,-0.0446838688012968
-0.802320784084273,37,31,0.0679890462949369,-0.2088745578822963
1.3550902875001938,7,86,-1.51456252856746,1.611500473233134
-0.802320784084273,37,26,1.5822736904769952,-0.599862559663442
-0.802320784084273,37,31,1.5822736904769952,-0.8941922166551642
-0.083183760222784,37,18,-1.51456252856746,-0.965579472777338
0.6359532636387049,15,86,0.0679890462949369,0.2480038812996155
1.3550902875001938,17,8,0.0679890462949369,0.9904313449702228
1.3550902875001938,14,8,-1.51456252856746,-0.1817474005558703
-0.802320784084273,17,31,-1.51456252856746,-0.8085275093085558
1.3550902875001938,17,86,-1.5083564439601564,-0.1931836389866425
1.3550902875001938,17,8,0.0679890462949369,1.1474833084390046
-0.083183760222784,17,86,0.0679890462949369,0.4750153557681281
9.98473457383806,14,104,-1.51456252856746,4.068649828958354
-0.083183760222784,6,20,0.0679890462949369,-0.4672821475933408
1.3550902875001938,5,8,0.0679890462949369,0.2908362349729196
-0.083183760222784,39,58,0.0679890462949369,0.249431626422059
-0.802320784084273,37,26,1.5822736904769952,-0.918492438639152
-0.802320784084273,37,63,1.5822736904769952,0.105229369055268
-0.083183760222784,17,63,0.0679890462949369,0.105229369055268
-0.083183760222784,17,86,0.0679890462949369,-0.0503948492910707
-0.083183760222784,15,20,0.0679890462949369,0.8397899571012114
-0.083183760222784,3,63,0.0679890462949369,-0.6657529970642084
-0.802320784084273,14,111,-1.51456252856746,-0.2117300481271834
1.3550902875001938,17,117,0.0679890462949369,1.9612980282317851
-0.802320784084273,37,63,1.5822736904769952,-0.8356546666349818
-0.802320784084273,17,63,1.5822736904769952,-0.264556617657592
-0.083183760222784,0,28,1.6567467057646377,0.390778393543963
4.23163838294615,14,104,0.0679890462949369,3.0192571639624006
-0.802320784084273,23,27,0.0679890462949369,-0.6839281924729138
1.3550902875001938,19,86,1.6567467057646377,1.3188127231322218
-0.083183760222784,17,31,0.0679890462949369,-0.5358281909218522
-0.802320784084273,17,63,1.5822736904769952,-0.1346460889664601
-0.083183760222784,17,20,0.0679890462949369,0.5278419252985368
-0.083183760222784,17,63,-0.4036733838601303,0.105229369055268
-0.802320784084273,18,81,0.0679890462949369,-0.7285737824517212
-0.802320784084273,37,18,1.5822736904769952,-1.0540996703688337
-0.802320784084273,37,94,1.5822736904769952,-1.0448336045241753
-0.802320784084273,37,48,-1.51456252856746,-1.1126514978402402
-0.083183760222784,14,117,0.0679890462949369,0.6763274180326581
-0.802320784084273,14,79,0.0679890462949369,-0.4382418118028406
-0.802320784084273,37,63,-0.7263897834399132,0.6763274180326581
-0.083183760222784,17,31,0.0679890462949369,-0.4658686799221218
-0.083183760222784,17,31,-1.51456252856746,-0.6945934485375664
-0.083183760222784,17,8,0.0679890462949369,0.6763274180326581
-0.802320784084273,37,99,-1.51456252856746,-0.8927644715327209
1.3550902875001938,14,8,0.0679890462949369,1.6757490037430904
-0.802320784084273,37,26,1.5822736904769952,0.0140678429872522
-0.802320784084273,37,26,-0.7263897834399132,0.0594986927834035
-0.802320784084273,37,69,-1.4214712594579073,-1.3082383021637718
-0.083183760222784,14,8,-1.51456252856746,2.532396077209176
1.3550902875001938,17,117,1.6567467057646377,0.105229369055268
-0.083183760222784,37,63,0.0679890462949369,0.4109095997704158
-0.083183760222784,17,8,0.0679890462949369,0.5509571188308966
-0.802320784084273,15,63,0.0679890462949369,-0.3687820115959655
-0.802320784084273,17,90,-1.51456252856746,-1.0383944740219553
1.3550902875001938,14,8,0.0679890462949369,0.3051136861973544
-0.083183760222784,7,83,0.0679890462949369,0.8191019302770055
-0.802320784084273,37,63,1.5822736904769952,-0.5084868718270596
-0.802320784084273,37,85,-0.7263897834399132,-0.9941343752262076
-0.083183760222784,17,20,1.6567467057646377,1.2045931133367438
-0.802320784084273,23,27,0.0679890462949369,-0.8228049605329906
-0.083183760222784,17,41,0.0679890462949369,0.3622234910950934
1.3550902875001938,14,104,0.0679890462949369,2.319647776513873
-0.083183760222784,2,20,0.0679890462949369,-0.1374873017601226
1.3550902875001938,17,86,1.6567467057646377,1.5715236098047167
-0.083183760222784,17,8,0.0679890462949369,0.267264163001378
-0.802320784084273,17,15,0.0679890462949369,-1.3267989887555374
-0.083183760222784,17,63,0.0679890462949369,0.8062522241750141
-0.083183760222784,17,63,0.0679890462949369,0.5535413375025191
-0.802320784084273,37,63,1.5822736904769952,-0.8590268542893815
-0.802320784084273,37,0,-1.51456252856746,-0.9855679044915466
-0.083183760222784,15,20,0.0679890462949369,0.7762695766037014
-0.802320784084273,23,27,0.0679890462949369,-0.922747119104034
-0.083183760222784,37,73,0.0679890462949369,1.0989399742759267
-0.083183760222784,14,40,0.0679890462949369,-0.1945971066578617
-0.083183760222784,14,111,0.0679890462949369,0.0052872104842248
-0.083183760222784,37,86,-1.5083564439601564,-0.7085853507375125
-0.083183760222784,15,22,1.6567467057646377,1.3207830114011938
-0.802320784084273,37,36,0.0679890462949369,-1.2097238887151724
-0.083183760222784,17,86,0.0679890462949369,-0.5329727006769652
-0.802320784084273,17,31,-1.51456252856746,-0.7271460373292776
1.3550902875001938,17,20,0.0679890462949369,-0.0375451431890794
-0.083183760222784,14,8,0.0679890462949369,4.032099553823802
-0.083183760222784,37,31,-1.51456252856746,-0.4872848567587741
1.3550902875001938,17,3,0.0679890462949369,1.8185235159874376
-0.083183760222784,17,20,0.0679890462949369,1.4940256045584848
1.3550902875001938,0,22,1.6567467057646377,1.87706106600762
-0.083183760222784,17,117,0.0679890462949369,0.0249900931739447
-0.083183760222784,6,73,0.0679890462949369,0.7191597717059621
-0.083183760222784,14,8,0.0679890462949369,1.575806845172047
-0.083183760222784,26,22,0.0679890462949369,0.961876442521353
-0.083183760222784,17,8,0.0679890462949369,1.1046509547657004
-0.083183760222784,17,65,0.0679890462949369,1.6728221262420813
-0.083183760222784,17,86,0.0679890462949369,-0.164757233598793
-0.083183760222784,17,63,0.0679890462949369,0.6477725155837883
-0.083183760222784,0,20,0.0679890462949369,1.7328588086408292
-0.802320784084273,37,85,-1.51456252856746,-1.1226314362461205
-0.802320784084273,37,89,1.5822736904769952,-1.1825967313887462
-0.083183760222784,17,63,-1.51456252856746,-0.7514177044108168
-0.083183760222784,17,117,-1.51456252856746,0.105229369055268
-0.083183760222784,22,111,0.0679890462949369,1.6067603594266215
-0.802320784084273,17,56,0.0679890462949369,-0.9229041710675026
1.3550902875001938,17,117,0.0679890462949369,0.5247008860291611
0.6359532636387049,17,22,1.6567467057646377,1.6757490037430904
-0.083183760222784,17,63,0.0679890462949369,-0.4808742811590028
-0.083183760222784,26,22,1.6567467057646377,1.3073907621526737
-0.083183760222784,17,22,0.0679890462949369,0.5335529057883105
1.3550902875001938,17,8,0.0679890462949369,0.9190440888480488
-0.083183760222784,14,117,-1.51456252856746,-0.3230941676777744
-0.083183760222784,37,85,-1.51456252856746,-0.9513020215529032
-0.802320784084273,37,63,1.5822736904769952,-0.9256168868001452
-0.083183760222784,5,117,0.0679890462949369,0.5321251606658671
-0.083183760222784,14,31,0.0679890462949369,0.3779286874419716
-0.802320784084273,17,48,-1.51456252856746,-0.938452315450912
-1.1618892960150171,37,60,0.0679890462949369,-1.251128497266033
-0.083183760222784,14,86,-1.51456252856746,-0.4087588750243829
-0.083183760222784,17,20,0.0679890462949369,-0.6371980946153388
1.3550902875001938,17,76,1.6567467057646377,0.0481195641575289
-0.802320784084273,37,5,1.5822736904769952,-1.079799082572816
-0.802320784084273,37,63,1.5822736904769952,-1.0383944740219553
-0.083183760222784,17,86,-1.51456252856746,-0.5943657409420346
-0.802320784084273,17,0,0.0679890462949369,-0.5087010335954262
-0.802320784084273,17,20,0.0679890462949369,-0.4287473067385915
1.3550902875001938,14,8,1.6567467057646377,0.2565703520342762
1.3550902875001938,17,8,0.0679890462949369,1.467826481561647
-0.802320784084273,37,26,1.5822736904769952,-0.6786027031661996
-0.083183760222784,0,63,0.0679890462949369,0.7305817326855101
-0.4427522721535284,17,86,0.0679890462949369,-0.4201808360039307
-0.083183760222784,17,86,0.0679890462949369,-0.3287908707163239
-0.802320784084273,37,55,1.5822736904769952,-1.131197906980781
-0.4427522721535284,14,8,-1.51456252856746,-0.4658686799221218
-0.083183760222784,14,8,0.0679890462949369,-0.3088167164533397
1.3550902875001938,6,86,1.6567467057646377,0.0766744666063986
-0.802320784084273,17,31,0.0679890462949369,-0.6200651531460171
-0.083183760222784,7,73,0.0679890462949369,-0.0375451431890794
1.3550902875001938,14,117,0.0679890462949369,2.1040725404761327
-0.083183760222784,14,40,-1.51456252856746,-0.4373137774732524
-0.802320784084273,8,109,0.0679890462949369,-0.6657529970642084
-0.802320784084273,37,31,1.5822736904769952,-0.9141806483693729
-0.083183760222784,39,58,0.0679890462949369,0.0538305446473029
-0.083183760222784,15,31,0.0679890462949369,0.105229369055268
0.6359532636387049,14,117,0.0679890462949369,0.2879807447280327
-0.802320784084273,37,48,-1.51456252856746,-1.0812268276952597
1.3550902875001938,14,8,0.0679890462949369,1.463014980499013
-0.802320784084273,37,55,-1.51456252856746,-1.218290359449833
1.3550902875001938,17,117,0.0679890462949369,1.3186699486199775
-0.802320784084273,37,85,-0.7263897834399132,-0.8941922166551642
-0.083183760222784,37,20,1.5822736904769952,-0.7085853507375125
1.3550902875001938,7,86,1.6567467057646377,2.219719895394054
-0.083183760222784,17,8,-1.51456252856746,0.0623970153819637
-0.083183760222784,17,31,0.0679890462949369,-0.3373716189022092
-0.083183760222784,37,31,0.0679890462949369,-0.7799726068596864
-0.802320784084273,37,4,1.5822736904769952,-1.1797412411438593
-0.083183760222784,3,85,-1.51456252856746,-0.7085853507375125
1.3550902875001938,17,117,0.0679890462949369,1.889910772109612
-0.083183760222784,39,62,0.0679890462949369,0.2194489788507459
1.3550902875001938,17,117,0.0679890462949369,0.8904891863991792
1.3550902875001938,14,8,0.0679890462949369,1.1760239334366498
-0.083183760222784,15,31,0.0679890462949369,-0.1803196554334268
1.3550902875001938,17,117,0.0679890462949369,1.1760382108878742
-1.1618892960150171,37,69,-1.3221739057410509,-1.3582093814492937
-0.802320784084273,3,48,-1.51456252856746,-0.7528454495332604
-0.083183760222784,3,31,-1.51456252856746,-0.8370824117574254
-0.083183760222784,14,8,0.0679890462949369,0.2094547629936418
-0.083183760222784,15,110,0.0679890462949369,0.0338421129330943
-0.083183760222784,14,22,0.0679890462949369,0.5763852594616146
-0.083183760222784,17,8,0.0679890462949369,0.5008718199355792
-0.4427522721535284,17,102,-1.51456252856746,-0.8513598629818601
-0.083183760222784,6,73,0.0679890462949369,0.8396186276865183
-0.802320784084273,6,0,1.5822736904769952,-0.8799147654307294
-0.802320784084273,37,99,-1.51456252856746,-1.1654637899194245
-0.083183760222784,7,86,0.0679890462949369,0.5021425130945539
-0.802320784084273,37,31,-1.51456252856746,-0.8615539631561066
1.3550902875001938,15,8,0.0679890462949369,-0.1374873017601226
-0.083183760222784,17,117,0.0679890462949369,0.0338421129330943
1.3550902875001938,15,65,1.6567467057646377,0.7491424192772752
1.3550902875001938,17,117,-1.51456252856746,3.3890431506752603
-0.083183760222784,25,0,-1.51456252856746,-0.937010292877244
1.3550902875001938,17,117,0.0679890462949369,0.6748996729102146
-0.802320784084273,37,112,0.0679890462949369,-0.237429460331166
-0.802320784084273,17,48,-1.51456252856746,-0.9241748642264774
-0.083183760222784,30,20,0.0679890462949369,1.5318180179495635
-0.802320784084273,37,63,1.5822736904769952,-0.5543888775136173
-0.083183760222784,17,8,0.0679890462949369,0.0623970153819637
1.3550902875001938,14,86,1.6567467057646377,0.5335529057883105
-0.4427522721535284,17,11,0.0679890462949369,-0.753459379935911
-0.083183760222784,17,20,0.0679890462949369,0.2208767239731893
-0.802320784084273,37,85,1.5822736904769952,-1.0900788474544092
1.3550902875001938,6,86,1.6567467057646377,0.961876442521353
-0.802320784084273,17,63,0.0679890462949369,-0.0361316755178604
-0.802320784084273,37,31,1.5822736904769952,-0.3573600506164178
1.3550902875001938,14,8,0.0679890462949369,1.7128703769266207
-0.083183760222784,14,31,0.0679890462949369,-0.7885390775943473
-0.083183760222784,7,42,0.0679890462949369,0.9818648742355616
-0.802320784084273,37,99,1.5822736904769952,-1.1440476130827724
-0.802320784084273,37,90,1.5822736904769952,-1.0369667288995117
-0.4427522721535284,17,26,-0.7263897834399132,-0.7942500580841211
-0.083183760222784,14,63,0.0679890462949369,-0.0760942614950531
-0.802320784084273,37,94,1.5822736904769952,-0.97273247584078
-0.802320784084273,37,36,-1.51456252856746,-1.1226314362461205
1.3550902875001938,14,8,0.0679890462949369,1.106078699888144
-0.802320784084273,37,48,1.5822736904769952,-0.9070419227571556
-0.083183760222784,17,20,0.0679890462949369,-0.3288051481675483
-0.083183760222784,17,8,0.0679890462949369,0.1480617227285723
-0.802320784084273,6,63,-0.7263897834399132,-0.4173110683078193
-0.083183760222784,14,49,1.6567467057646377,-0.565810838493165
-0.4427522721535284,37,0,-1.51456252856746,-0.9513020215529032
-0.802320784084273,37,60,1.5822736904769952,-1.194018692368294
-1.1618892960150171,37,5,1.5822736904769952,-1.0655216313483815
-0.083183760222784,14,8,-1.51456252856746,-0.3230941676777744
-0.4427522721535284,17,38,0.0679890462949369,-0.8213914928617716
-0.083183760222784,37,86,-1.51456252856746,-0.455888741516242
-1.1618892960150171,37,60,0.0679890462949369,-1.3082383021637718
-0.802320784084273,37,20,1.5822736904769952,-0.5782036661559745
-0.802320784084273,15,20,-0.7263897834399132,-0.6957356446355213
1.3550902875001938,38,20,1.6567467057646377,0.5335529057883105
-1.1618892960150171,37,5,0.0679890462949369,-1.2796833997149024
-0.4427522721535284,37,20,-1.51456252856746,-0.5158397592076436
-0.802320784084273,37,5,1.5822736904769952,-1.079799082572816
-0.083183760222784,14,49,1.6567467057646377,-0.565810838493165
-0.4427522721535284,37,0,-1.51456252856746,-0.9513020215529032
-0.802320784084273,37,60,1.5822736904769952,-1.194018692368294
-1.1618892960150171,37,5,1.5822736904769952,-1.0655216313483815
-0.083183760222784,14,8,-1.51456252856746,-0.3230941676777744
-0.4427522721535284,17,38,0.0679890462949369,-0.8213914928617716
-0.083183760222784,37,86,-1.51456252856746,-0.455888741516242
-1.1618892960150171,37,60,0.0679890462949369,-1.3082383021637718
-0.802320784084273,37,20,1.5822736904769952,-0.5782036661559745
-0.802320784084273,15,20,-0.7263897834399132,-0.6957356446355213
1.3550902875001938,38,20,1.6567467057646377,0.5335529057883105
-1.1618892960150171,37,5,0.0679890462949369,-1.2796833997149024
-0.4427522721535284,37,20,-1.51456252856746,-0.5158397592076436
-0.802320784084273,37,5,1.5822736904769952,-1.079799082572816
-0.083183760222784,14,49,1.6567467057646377,-0.565810838493165
-0.4427522721535284,37,0,-1.51456252856746,-0.9513020215529032
-0.802320784084273,37,60,1.5822736904769952,-1.194018692368294
-1.1618892960150171,37,5,1.5822736904769952,-1.0655216313483815
-0.083183760222784,14,8,-1.51456252856746,-0.3230941676777744
-0.4427522721535284,17,38,0.0679890462949369,-0.8213914928617716
-0.083183760222784,37,86,-1.51456252856746,-0.455888741516242
-1.1618892960150171,37,60,0.0679890462949369,-1.3082383021637718
-0.802320784084273,37,20,1.5822736904769952,-0.5782036661559745
-0.802320784084273,15,20,-0.7263897834399132,-0.6957356446355213
1.3550902875001938,38,20,1.6567467057646377,0.5335529057883105
-1.1618892960150171,37,5,0.0679890462949369,-1.2796833997149024
-0.4427522721535284,37,20,-1.51456252856746,-0.5158397592076436
-0.802320784084273,37,5,1.5822736904769952,-1.079799082572816
